source,collected_at,title_raw,price,url,source_url,category_raw,rating,in_stock,availability,title_norm,category_norm,product_key
mercado_livre,2026-02-12 10:59:03,Skin Adesivio Pelicula Para Notebook Lenovo Ideapad S145,43.00,https://click1.mercadolivre.com.br/mclics/clicks/external/MLB/count,https://lista.mercadolivre.com.br/notebook,notebook,4.5,True,https://schema.org/InStock,skin adesivio pelicula para notebook lenovo ideapad s145,notebook,981491cbf82cbd8187ad8ab13b97339cb00ed068
mercado_livre,2026-02-12 10:59:03,Notebook Positivo Vision R15m Amd Ryzen 5-5625u Linux 8gb Ram 256gb Ssd Wi-fi 6 Tela 15 Full Hd Ips Antirreflexo - Permite Upgrade De Memória Ram E Ssd - Preto,3855.00,https://www.mercadolivre.com.br/notebook-positivo-vision-r15m-amd-ryzen-5-5625u-linux-8gb-ram-256gb-ssd-wi-fi-6-tela-15-full-hd-ips-antirreflexo-permite-upgrade-de-memoria-ram-e-ssd-preto/p/MLB53471779#polycard_client=search-desktop&search_layout=grid&position=20&type=product&tracking_id=28639cd9-7bde-4f3d-89c2-2b21beb8a1d7&wid=MLB4229117573&sid=search,https://lista.mercadolivre.com.br/notebook_Desde_51,notebook,,False,,notebook positivo vision r15m amd ryzen 5 5625u linux 8gb ram 256gb ssd wi fi 6 tela 15 full hd ips antirreflexo permite upgrade de memoria ram e ssd preto,notebook,13632ed95dd3c9da6aaf4cfe472d77d381a306f9
mercado_livre,2026-02-12 10:59:03,Notebook Lenovo Ideapad Slim 3 15irh10 Intel Core i5-13420h 8gb 256gb Ssd Windows 11 15.3 - 83ns0003br Luna Grey,3514.00,https://www.mercadolivre.com.br/notebook-lenovo-ideapad-slim-3-15irh10-intel-core-i5-13420h-8gb-256gb-ssd-windows-11-153-83ns0003br-luna-grey/p/MLB51234660#polycard_client=search-desktop&search_layout=grid&position=31&type=product&tracking_id=28639cd9-7bde-4f3d-89c2-2b21beb8a1d7&wid=MLB5759767112&sid=search,https://lista.mercadolivre.com.br/notebook_Desde_51,notebook,,False,,notebook lenovo ideapad slim 3 15irh10 intel core i5 13420h 8gb 256gb ssd windows 11 15 3 83ns0003br luna grey,notebook,2bac758847f6c266512a8d9271be0da2e265ca7b
mercado_livre,2026-02-12 10:59:03,Notebook VAIO FE16 AMD Ryzen 5-5625U Windows 11 Home 16GB RAM 512GB SSD Wi-Fi 6 Tela 16” IPS Full HD WUXGA Cinza Grafite,4299.00,https://www.mercadolivre.com.br/notebook-vaio-fe16-amd-ryzen-5-5625u-windows-11-home-16gb-ram-512gb-ssd-wi-fi-6-tela-16-ips-full-hd-wuxga-cinza-grafite/p/MLB45513180#polycard_client=search-desktop&search_layout=grid&position=30&type=product&tracking_id=28639cd9-7bde-4f3d-89c2-2b21beb8a1d7&wid=MLB5533466234&sid=search,https://lista.mercadolivre.com.br/notebook_Desde_51,notebook,,False,,notebook vaio fe16 amd ryzen 5 5625u windows 11 home 16gb ram 512gb ssd wi fi 6 tela 16 ips full hd wuxga cinza grafite,notebook,dd2d1cd5c70e12be34aa7e55d18837b5dec1845d
mercado_livre,2026-02-12 10:59:03,"Notebook Vaio Fe16 Amd Ryzen 7 5825u Linux 8gb RAM 512gb Ssd Wi-Fi 6 Tela 16"" Ips Wuxga Antirreflexo - Cinza Grafite Vjfe69f11xb0321h - Permite upgrade de memória RAM e SSD",3999.00,https://www.mercadolivre.com.br/notebook-vaio-fe16-amd-ryzen-7-5825u-linux-8gb-ram-512gb-ssd-wi-fi-6-tela-16-ips-wuxga-antirreflexo-cinza-grafite-vjfe69f11xb0321h-permite-upgrade-de-memoria-ram-e-ssd/p/MLB46476929#polycard_client=search-desktop&search_layout=grid&position=29&type=product&tracking_id=28639cd9-7bde-4f3d-89c2-2b21beb8a1d7&wid=MLB5874008028&sid=search,https://lista.mercadolivre.com.br/notebook_Desde_51,notebook,,False,,notebook vaio fe16 amd ryzen 7 5825u linux 8gb ram 512gb ssd wi fi 6 tela 16 ips wuxga antirreflexo cinza grafite vjfe69f11xb0321h permite upgrade de memoria ram e ssd,notebook,f843f0ab3f6db1b1306da0f8493243bba2621a51
mercado_livre,2026-02-12 10:59:03,"Notebook Vaio Fe16 Amd Ryzen 7-5825u Linux 16gb RAM 512gb Ssd Wi-Fi 6 Tela 16"" Ips Wuxga Antirreflexo Cinza Grafite Vjfe69f11xb0121h - Permite upgrade de memória RAM e SSD",4999.00,https://www.mercadolivre.com.br/notebook-vaio-fe16-amd-ryzen-7-5825u-linux-16gb-ram-512gb-ssd-wi-fi-6-tela-16-ips-wuxga-antirreflexo-cinza-grafite-vjfe69f11xb0121h-permite-upgrade-de-memoria-ram-e-ssd/p/MLB46470846#polycard_client=search-desktop&search_layout=grid&position=24&type=product&tracking_id=28639cd9-7bde-4f3d-89c2-2b21beb8a1d7&wid=MLB5873998464&sid=search,https://lista.mercadolivre.com.br/notebook_Desde_51,notebook,,False,,notebook vaio fe16 amd ryzen 7 5825u linux 16gb ram 512gb ssd wi fi 6 tela 16 ips wuxga antirreflexo cinza grafite vjfe69f11xb0121h permite upgrade de memoria ram e ssd,notebook,ed8f034fab6d75f5d91d801d3073729ee0db9734
mercado_livre,2026-02-12 10:59:03,"Notebook ASUS Vivobook 15, Intel Core i5 1334U 1,3 GHz, 8GB Ram, 256GB SSD, KeepOS Linux, Tela 15,6"" FHD, Cool Silver - X1504VA-NJ1739",2949.00,https://www.mercadolivre.com.br/notebook-asus-vivobook-15-intel-core-i5-1334u-13-ghz-8gb-ram-256gb-ssd-keepos-linux-tela-156-fhd-cool-silver-x1504va-nj1739/p/MLB48952658#polycard_client=search-desktop&search_layout=grid&position=23&type=product&tracking_id=28639cd9-7bde-4f3d-89c2-2b21beb8a1d7&wid=MLB4109922109&sid=search,https://lista.mercadolivre.com.br/notebook_Desde_51,notebook,,False,,notebook asus vivobook 15 intel core i5 1334u 1 3 ghz 8gb ram 256gb ssd keepos linux tela 15 6 fhd cool silver x1504va nj1739,notebook,41e74416340b3e4dc3034827452aeba1c3f107b4
mercado_livre,2026-02-12 10:59:03,"Notebook Acer Aspire Go 15 AG15-71P-5939 - Intel Core i5-13420H 13ª Geração • 8GB DDR5 • 256GB SSD NVMe • Tela 15,6' • Windows 11 Home",3653.00,https://www.mercadolivre.com.br/notebook-acer-aspire-go-15-ag15-71p-5939-intel-core-i5-13420h-13-geraco-8gb-ddr5-256gb-ssd-nvme-tela-156-windows-11-home/p/MLB52934530#polycard_client=search-desktop&search_layout=grid&position=22&type=product&tracking_id=28639cd9-7bde-4f3d-89c2-2b21beb8a1d7&wid=MLB4144570607&sid=search,https://lista.mercadolivre.com.br/notebook_Desde_51,notebook,,False,,notebook acer aspire go 15 ag15 71p 5939 intel core i5 13420h 13a geracao 8gb ddr5 256gb ssd nvme tela 15 6 windows 11 home,notebook,32c25049dbf7c039422cb36a2281ff65f879a9de
mercado_livre,2026-02-12 10:59:03,"Notebook Multi Ultra Celeron N4020c 4gb 128gb W11 15,6'' Cinza - Ub261",2098.00,https://www.mercadolivre.com.br/notebook-multi-ultra-celeron-n4020c-4gb-128gb-w11-156-cinza-ub261/p/MLB34976193#polycard_client=search-desktop&search_layout=grid&position=21&type=product&tracking_id=28639cd9-7bde-4f3d-89c2-2b21beb8a1d7&wid=MLB4563031682&sid=search,https://lista.mercadolivre.com.br/notebook_Desde_51,notebook,,False,,notebook multi ultra celeron n4020c 4gb 128gb w11 15 6 cinza ub261,notebook,7e3edfeccde155f2025f9daf7dc82e34a5c147b1
mercado_livre,2026-02-12 10:59:03,Notebook Acer Aspire 16 A16-71M-55H0 com IA | Intel Core Ultra 5 115U (NPU AI) • 16GB RAM • 512GB SSD • Tela 16” WUXGA • Windows 11,4999.00,https://www.mercadolivre.com.br/notebook-acer-aspire-16-a16-71m-55h0-com-ia-intel-core-ultra-5-115u-npu-ai-16gb-ram-512gb-ssd-tela-16-wuxga-windows-11/p/MLB60328223#polycard_client=search-desktop&search_layout=grid&position=19&type=product&tracking_id=28639cd9-7bde-4f3d-89c2-2b21beb8a1d7&wid=MLB4268306121&sid=search,https://lista.mercadolivre.com.br/notebook_Desde_51,notebook,,False,,notebook acer aspire 16 a16 71m 55h0 com ia intel core ultra 5 115u npu ai 16gb ram 512gb ssd tela 16 wuxga windows 11,notebook,4c708dd111c1381db5142ad0824c0cd303b80259
mercado_livre,2026-02-12 10:59:03,Notebook Asus Vivobook Go 15 Intel Celeron 4gb 128gb Wind11,7.00,https://www.mercadolivre.com.br/notebook-asus-vivobook-go-15-intel-celeron-4gb-128gb-wind11/p/MLB43483575#polycard_client=search-desktop&search_layout=grid&position=33&type=product&tracking_id=28639cd9-7bde-4f3d-89c2-2b21beb8a1d7&wid=MLB4343318937&sid=search,https://lista.mercadolivre.com.br/notebook_Desde_51,notebook,,False,,notebook asus vivobook go 15 intel celeron 4gb 128gb wind11,notebook,96ef01eadbb944614167868c99308047d16fd4fc
mercado_livre,2026-02-12 10:59:03,HP Pavilion 17-CN4153 B87ZZUA Silver 16 GB 1 TB 60 Hz 1600 px x 900 px Intel Graphics Intel Core 5 120U Windows 11 Home Sim,4901.00,https://www.mercadolivre.com.br/hp-pavilion-17-cn4153-b87zzua-silver-16-gb-1-tb-60-hz-1600-px-x-900-px-intel-graphics-intel-core-5-120u-windows-11-home-sim/p/MLB56952040#polycard_client=search-desktop&search_layout=grid&position=18&type=product&tracking_id=28639cd9-7bde-4f3d-89c2-2b21beb8a1d7&wid=MLB4372773221&sid=search,https://lista.mercadolivre.com.br/notebook_Desde_51,notebook,,False,,hp pavilion 17 cn4153 b87zzua silver 16 gb 1 tb 60 hz 1600 px x 900 px intel graphics intel core 5 120u windows 11 home sim,notebook,5f0a6b98eb67a48b39734f74f2133203f75280cd
mercado_livre,2026-02-12 10:59:03,"Notebook ASUS Vivobook Go 15 E1504, AMD RYZEN 5 7520U 2,8 GHz, 8GB Ram, 256GB SSD, Windows 11 Home, Tela 15,6"" FHD, Black - E1504FA-NJ825W",3099.00,https://www.mercadolivre.com.br/notebook-asus-vivobook-go-15-e1504-amd-ryzen-5-7520u-28-ghz-8gb-ram-256gb-ssd-windows-11-home-tela-156-fhd-black-e1504fa-nj825w/p/MLB29126536#polycard_client=search-desktop&search_layout=grid&position=17&type=product&tracking_id=28639cd9-7bde-4f3d-89c2-2b21beb8a1d7&wid=MLB3995128209&sid=search,https://lista.mercadolivre.com.br/notebook_Desde_51,notebook,,False,,notebook asus vivobook go 15 e1504 amd ryzen 5 7520u 2 8 ghz 8gb ram 256gb ssd windows 11 home tela 15 6 fhd black e1504fa nj825w,notebook,9daf9c1425d9994f8c0f8f23eeba192eead20942
mercado_livre,2026-02-12 10:59:03,Notebook Acer Aspire Go 15 AG15-71P-53D9 Intel® Core I5-13420h 13ªg 16GB Ram 512SSD Linux 15.6 Full HD (1920 x 1080),4299.00,https://www.mercadolivre.com.br/notebook-acer-aspire-go-15-ag15-71p-53d9-intel-core-i5-13420h-13g-16gb-ram-512ssd-linux-156-full-hd-1920-x-1080/p/MLB54468742#polycard_client=search-desktop&search_layout=grid&position=12&type=product&tracking_id=28639cd9-7bde-4f3d-89c2-2b21beb8a1d7&wid=MLB4196290813&sid=search,https://lista.mercadolivre.com.br/notebook_Desde_51,notebook,,False,,notebook acer aspire go 15 ag15 71p 53d9 intel core i5 13420h 13ag 16gb ram 512ssd linux 15 6 full hd 1920 x 1080,notebook,d218c2bdea44fe18703c54a75a7dc671593a0aee
mercado_livre,2026-02-12 10:59:03,Notebook Gamer Acer Nitro V15 ANV15-52-737P Intel® Core™ i7-13620H 13ªG 16GB RAM 512GB SSD RTX4050 FHD 15.6”,8999.00,https://www.mercadolivre.com.br/notebook-gamer-acer-nitro-v15-anv15-52-737p-intel-core-i7-13620h-13g-16gb-ram-512gb-ssd-rtx4050-fhd-156/p/MLB54176209#polycard_client=search-desktop&search_layout=grid&position=11&type=product&tracking_id=28639cd9-7bde-4f3d-89c2-2b21beb8a1d7&wid=MLB4197864301&sid=search,https://lista.mercadolivre.com.br/notebook_Desde_51,notebook,,False,,notebook gamer acer nitro v15 anv15 52 737p intel core i7 13620h 13ag 16gb ram 512gb ssd rtx4050 fhd 15 6,notebook,aebf8832f3c6e1211636d5f3db73b69029642d56
mercado_livre,2026-02-12 10:59:03,Notebook Lenovo Ideapad 1i Celeron Office 365 4gb 128gb W11,3999.00,https://www.mercadolivre.com.br/notebook-lenovo-ideapad-1i-celeron-office-365-4gb-128gb-w11/p/MLB41491320#polycard_client=search-desktop&search_layout=grid&position=10&type=product&tracking_id=28639cd9-7bde-4f3d-89c2-2b21beb8a1d7&wid=MLB5735611732&sid=search,https://lista.mercadolivre.com.br/notebook_Desde_51,notebook,,False,,notebook lenovo ideapad 1i celeron office 365 4gb 128gb w11,notebook,e2e8852ea88209b5c13bbe0812de066e5dbc6add
mercado_livre,2026-02-12 10:59:03,"Notebook Acer Aspire 5 A515-45-R043 - AMD Ryzen 5 5500U • 16 GB DDR4 • 512 GB SSD • Tela 15,6"" FHD IPS • Windows 11 Home • Wi-Fi 6",4.69,https://www.mercadolivre.com.br/notebook-acer-aspire-5-a515-45-r043-amd-ryzen-5-5500u-16-gb-ddr4-512-gb-ssd-tela-156-fhd-ips-windows-11-home-wi-fi-6/p/MLB61414071#polycard_client=search-desktop&search_layout=grid&position=9&type=product&tracking_id=28639cd9-7bde-4f3d-89c2-2b21beb8a1d7&wid=MLB5879140276&sid=search,https://lista.mercadolivre.com.br/notebook_Desde_51,notebook,,False,,notebook acer aspire 5 a515 45 r043 amd ryzen 5 5500u 16 gb ddr4 512 gb ssd tela 15 6 fhd ips windows 11 home wi fi 6,notebook,4b74236f36562a0b768638e912c8ea3cf6b71e39
mercado_livre,2026-02-12 10:59:03,Notebook Dell Inspiron I15-i1300-a15p Core 3 8gb 512gb W11 Preto,3699.00,https://www.mercadolivre.com.br/notebook-dell-inspiron-i15-i1300-a15p-core-3-8gb-512gb-w11-preto/p/MLB52728444#polycard_client=search-desktop&search_layout=grid&position=8&type=product&tracking_id=28639cd9-7bde-4f3d-89c2-2b21beb8a1d7&wid=MLB5512463698&sid=search,https://lista.mercadolivre.com.br/notebook_Desde_51,notebook,,False,,notebook dell inspiron i15 i1300 a15p core 3 8gb 512gb w11 preto,notebook,8ea91a11b68d08cc0d7fb78c93b8d297d3bd49e6
mercado_livre,2026-02-12 10:59:03,Notebook Positivo Vision C15 Lumina Bar Celeron 4gb 128gb Emmc Tela 15 Hd Antirreflexo Windows 11 Tecla Link Cinza,1999.00,https://www.mercadolivre.com.br/notebook-positivo-vision-c15-lumina-bar-celeron-4gb-128gb-emmc-tela-15-hd-antirreflexo-windows-11-tecla-link-cinza/p/MLB26133662#polycard_client=search-desktop&search_layout=grid&position=32&type=product&tracking_id=28639cd9-7bde-4f3d-89c2-2b21beb8a1d7&wid=MLB3932069010&sid=search,https://lista.mercadolivre.com.br/notebook_Desde_51,notebook,,False,,notebook positivo vision c15 lumina bar celeron 4gb 128gb emmc tela 15 hd antirreflexo windows 11 tecla link cinza,notebook,41e6e13e98142b1a18fd513e242deb60bf714562
mercado_livre,2026-02-12 10:59:03,"Notebook Gamer Acer Nitro V15 ANV15-41-R1P5 | AMD Ryzen 7 7735HS • 16GB RAM • 512GB SSD • NVIDIA GeForce RTX 4050 • Tela 15,6' 144Hz • Windows 11",6999.00,https://www.mercadolivre.com.br/notebook-gamer-acer-nitro-v15-anv15-41-r1p5-amd-ryzen-7-7735hs-16gb-ram-512gb-ssd-nvidia-geforce-rtx-4050-tela-156-144hz-windows-11/p/MLB60289821#polycard_client=search-desktop&search_layout=grid&position=34&type=product&tracking_id=28639cd9-7bde-4f3d-89c2-2b21beb8a1d7&wid=MLB5874939608&sid=search,https://lista.mercadolivre.com.br/notebook_Desde_51,notebook,,False,,notebook gamer acer nitro v15 anv15 41 r1p5 amd ryzen 7 7735hs 16gb ram 512gb ssd nvidia geforce rtx 4050 tela 15 6 144hz windows 11,notebook,86ba2a285a196250de645f8662982b19621b6dcd
mercado_livre,2026-02-12 10:59:03,"Notebook VAIO FH15 Intel Core i7 - 13ª Gen Rtx 4050 Linux - 32GB RAM Ddr5 1tb SSD Wi-Fi 6 Tela 15,6 Full HD Wva 144hz - 200 Nits - Antirreflexo - Permite Upgrade De Ram E Ssd Cinza Chumbo",9999.00,https://www.mercadolivre.com.br/notebook-vaio-fh15-intel-core-i7-13-gen-rtx-4050-linux-32gb-ram-ddr5-1tb-ssd-wi-fi-6-tela-156-full-hd-wva-144hz-200-nits-antirreflexo-permite-upgrade-de-ram-e-ssd-cinza-chumbo/p/MLB62785722#polycard_client=search-desktop&search_layout=grid&position=48&type=product&tracking_id=28639cd9-7bde-4f3d-89c2-2b21beb8a1d7&wid=MLB6069213478&sid=search,https://lista.mercadolivre.com.br/notebook_Desde_51,notebook,,False,,notebook vaio fh15 intel core i7 13a gen rtx 4050 linux 32gb ram ddr5 1tb ssd wi fi 6 tela 15 6 full hd wva 144hz 200 nits antirreflexo permite upgrade de ram e ssd cinza chumbo,notebook,b72bff55c8dfae225d3b86c90ca79fe10e948199
mercado_livre,2026-02-12 10:59:03,Notebook para jogos Acemagic Ryzen 5 7430u 16 GB 512 GB SSD Win11 Pro cinza,6598.00,https://www.mercadolivre.com.br/notebook-para-jogos-acemagic-ryzen-5-7430u-16-gb-512-gb-ssd-win11-pro-cinza/p/MLB63625893#polycard_client=search-desktop&search_layout=grid&position=59&type=product&tracking_id=28639cd9-7bde-4f3d-89c2-2b21beb8a1d7&wid=MLB4428399891&sid=search,https://lista.mercadolivre.com.br/notebook_Desde_51,notebook,,False,,notebook para jogos acemagic ryzen 5 7430u 16 gb 512 gb ssd win11 pro cinza,notebook,5af278550a32abe36e82e3ea4756b3d20893ab04
mercado_livre,2026-02-12 10:59:03,Notebook Positivo Vision C15m Intel Celeron N4500 Windows 11 Home 4gb Ram 128gb Emmc Tela 15 Full Hd Ips Antirreflexo - Minitela E Tecla Copilot - Permite Upgrade De Memória Ssd - Cinza,2099.00,https://www.mercadolivre.com.br/notebook-positivo-vision-c15m-intel-celeron-n4500-windows-11-home-4gb-ram-128gb-emmc-tela-15-full-hd-ips-antirreflexo-minitela-e-tecla-copilot-permite-upgrade-de-memoria-ssd-cinza/p/MLB54103769#polycard_client=search-desktop&search_layout=grid&position=58&type=product&tracking_id=28639cd9-7bde-4f3d-89c2-2b21beb8a1d7&wid=MLB5769733060&sid=search,https://lista.mercadolivre.com.br/notebook_Desde_51,notebook,,False,,notebook positivo vision c15m intel celeron n4500 windows 11 home 4gb ram 128gb emmc tela 15 full hd ips antirreflexo minitela e tecla copilot permite upgrade de memoria ssd cinza,notebook,7dbe27a4a1d006e98675f83b207cf3aa4fce2ac0
mercado_livre,2026-02-12 10:59:03,Notebook Lenovo Ideapad 1 15iru7 Intel Core i3-1315u 8gb 256gb Ssd Windows 11 15.6 - 83qj0001bo Cloud Grey,4499.00,https://www.mercadolivre.com.br/notebook-lenovo-ideapad-1-15iru7-intel-core-i3-1315u-8gb-256gb-ssd-windows-11-156-83qj0001bo-cloud-grey/p/MLB52907400#polycard_client=search-desktop&search_layout=grid&position=57&type=product&tracking_id=28639cd9-7bde-4f3d-89c2-2b21beb8a1d7&wid=MLB5807301712&sid=search,https://lista.mercadolivre.com.br/notebook_Desde_51,notebook,,False,,notebook lenovo ideapad 1 15iru7 intel core i3 1315u 8gb 256gb ssd windows 11 15 6 83qj0001bo cloud grey,notebook,62b3aa821cd575ff2fb4baf0de6c6855804012f3
mercado_livre,2026-02-12 10:59:03,"Notebook Lenovo IdeaPad Slim 3 15IRH10 Intel Core i5-13420H 8GB 512GB SSD Windows 11 15.3"" - 83NS0002BR Luna Grey",5.50,https://www.mercadolivre.com.br/notebook-lenovo-ideapad-slim-3-15irh10-intel-core-i5-13420h-8gb-512gb-ssd-windows-11-153-83ns0002br-luna-grey/p/MLB51233304#polycard_client=search-desktop&search_layout=grid&position=56&type=product&tracking_id=28639cd9-7bde-4f3d-89c2-2b21beb8a1d7&wid=MLB4183197053&sid=search,https://lista.mercadolivre.com.br/notebook_Desde_51,notebook,,False,,notebook lenovo ideapad slim 3 15irh10 intel core i5 13420h 8gb 512gb ssd windows 11 15 3 83ns0002br luna grey,notebook,83ec0f4d3d1d41d96127c5f33b8d689ff90e3a9e
mercado_livre,2026-02-12 10:59:03,Notebook Gamer Acer Nitro V15 ANV15-41-R2GT AMD Ryzen™ 7 7735HS RTX 4050 16 GB RAM 512 GB SSD Full HD 15.6”,5999.00,https://www.mercadolivre.com.br/notebook-gamer-acer-nitro-v15-anv15-41-r2gt-amd-ryzen-7-7735hs-rtx-4050-16-gb-ram-512-gb-ssd-full-hd-156/p/MLB61937659#polycard_client=search-desktop&search_layout=grid&position=55&type=product&tracking_id=28639cd9-7bde-4f3d-89c2-2b21beb8a1d7&wid=MLB4304709309&sid=search,https://lista.mercadolivre.com.br/notebook_Desde_51,notebook,,False,,notebook gamer acer nitro v15 anv15 41 r2gt amd ryzen 7 7735hs rtx 4050 16 gb ram 512 gb ssd full hd 15 6,notebook,dfa34dc23358bf117e779964bddec0cd460ad64c
mercado_livre,2026-02-12 10:59:03,"Notebook 2 Em 1 Positivo Duo Intel Celeron N4500 4gb Ram 128gb De Armazenamento, Tela 11"" Hd Ips Touch Com Caneta Capacitiva, Windows 11 Home Cinza C4128e",1899.00,https://www.mercadolivre.com.br/notebook-2-em-1-positivo-duo-intel-celeron-n4500-4gb-ram-128gb-de-armazenamento-tela-11-hd-ips-touch-com-caneta-capacitiva-windows-11-home-cinza-c4128e/p/MLB54525194#polycard_client=search-desktop&search_layout=grid&position=54&type=product&tracking_id=28639cd9-7bde-4f3d-89c2-2b21beb8a1d7&wid=MLB4262767821&sid=search,https://lista.mercadolivre.com.br/notebook_Desde_51,notebook,,False,,notebook 2 em 1 positivo duo intel celeron n4500 4gb ram 128gb de armazenamento tela 11 hd ips touch com caneta capacitiva windows 11 home cinza c4128e,notebook,bb720ea539c31651ac53ec37b5163b8cd0b66374
mercado_livre,2026-02-12 10:59:03,"Notebook ASUS Vivobook Go 15 E1504 AMD RYZEN 5 7520U 8GB Ram 256GB SSD Linux KeepOS 15,6” FHD Black E1504FA-NJ731",2739.00,https://www.mercadolivre.com.br/notebook-asus-vivobook-go-15-e1504-amd-ryzen-5-7520u-8gb-ram-256gb-ssd-linux-keepos-156-fhd-black-e1504fa-nj731/p/MLB36772633#polycard_client=search-desktop&search_layout=grid&position=53&type=product&tracking_id=28639cd9-7bde-4f3d-89c2-2b21beb8a1d7&wid=MLB3746267799&sid=search,https://lista.mercadolivre.com.br/notebook_Desde_51,notebook,,False,,notebook asus vivobook go 15 e1504 amd ryzen 5 7520u 8gb ram 256gb ssd linux keepos 15 6 fhd black e1504fa nj731,notebook,e53337de5961e8aff68d4e400cf0028035b340fd
mercado_livre,2026-02-12 10:59:03,Notebook Dell Inspiron I15-i1300-a30p 15.6 I5 8gb 512gb W11 Preto,4198.00,https://www.mercadolivre.com.br/notebook-dell-inspiron-i15-i1300-a30p-156-i5-8gb-512gb-w11-preto/p/MLB54247265#polycard_client=search-desktop&search_layout=grid&position=52&type=product&tracking_id=28639cd9-7bde-4f3d-89c2-2b21beb8a1d7&wid=MLB4196392517&sid=search,https://lista.mercadolivre.com.br/notebook_Desde_51,notebook,,False,,notebook dell inspiron i15 i1300 a30p 15 6 i5 8gb 512gb w11 preto,notebook,29d498d17e168a674f0fab97422c1e6cfa81a24f
mercado_livre,2026-02-12 10:59:03,"Notebook Gamer Acer Nitro V ANV15-51-57WS Intel® Core™ i5-13420H 13ªGeração 512SSD 8GB Nvidia® GeForce® RTX 3050 GDDR6 Linux Gutta 15,6'",4989.00,https://www.mercadolivre.com.br/notebook-gamer-acer-nitro-v-anv15-51-57ws-intel-core-i5-13420h-13geraco-512ssd-8gb-nvidia-geforce-rtx-3050-gddr6-linux-gutta-156/p/MLB37396835#polycard_client=search-desktop&search_layout=grid&position=51&type=product&tracking_id=28639cd9-7bde-4f3d-89c2-2b21beb8a1d7&wid=MLB4170257187&sid=search,https://lista.mercadolivre.com.br/notebook_Desde_51,notebook,,False,,notebook gamer acer nitro v anv15 51 57ws intel core i5 13420h 13ageracao 512ssd 8gb nvidia geforce rtx 3050 gddr6 linux gutta 15 6,notebook,1003203c66dcaa6d8e676cd71a254fbd83bddb33
mercado_livre,2026-02-12 10:59:03,"Notebook Positivo Vision i15m Intel Core 3 N300 8gb 256gb Ssd Wi-fi 6 Linux - Tela 15,6 Full Hd Ips Antirreflexo – Minitela - Permite upgrade de memória RAM e SSD – Preto",3.57,https://www.mercadolivre.com.br/notebook-positivo-vision-i15m-intel-core-3-n300-8gb-256gb-ssd-wi-fi-6-linux-tela-156-full-hd-ips-antirreflexo-minitela-permite-upgrade-de-memoria-ram-e-ssd-preto/p/MLB56961557#polycard_client=search-desktop&search_layout=grid&position=50&type=product&tracking_id=28639cd9-7bde-4f3d-89c2-2b21beb8a1d7&wid=MLB4229010067&sid=search,https://lista.mercadolivre.com.br/notebook_Desde_51,notebook,,False,,notebook positivo vision i15m intel core 3 n300 8gb 256gb ssd wi fi 6 linux tela 15 6 full hd ips antirreflexo minitela permite upgrade de memoria ram e ssd preto,notebook,bae8b4469b2d787d6079006d1db561bd00c5f9c3
mercado_livre,2026-02-12 10:59:03,"Notebook Vaio Fe16 Amd Ryzen 5-5625u Windows 11 Home 12gb RAM 512gb Ssd Wi-fi 6 Tela 16"" Ips Wuxga Antirreflexo - Cinza Grafite Vjfe69f11x-b1221h - Permite upgrade de memória RAM e SSD",4446.00,https://www.mercadolivre.com.br/notebook-vaio-fe16-amd-ryzen-5-5625u-windows-11-home-12gb-ram-512gb-ssd-wi-fi-6-tela-16-ips-wuxga-antirreflexo-cinza-grafite-vjfe69f11x-b1221h-permite-upgrade-de-memoria-ram-e-ssd/p/MLB48919057#polycard_client=search-desktop&search_layout=grid&position=49&type=product&tracking_id=28639cd9-7bde-4f3d-89c2-2b21beb8a1d7&wid=MLB5361353800&sid=search,https://lista.mercadolivre.com.br/notebook_Desde_51,notebook,,False,,notebook vaio fe16 amd ryzen 5 5625u windows 11 home 12gb ram 512gb ssd wi fi 6 tela 16 ips wuxga antirreflexo cinza grafite vjfe69f11x b1221h permite upgrade de memoria ram e ssd,notebook,8d96e9b3bd42cc87a1300de3842c8efff890d5d6
mercado_livre,2026-02-12 10:59:03,"Notebook Vaio Fe16 Intel Core I5 13ª Gen Windows 11 Home 16gb 512gb Ssd Wi-fi 6 Tela 16"" Ips Wuxga Antirreflexo - Cinza Grafite - Vjfe62f11x-b0321h - Memória Expansível Até 64gb",5799.00,https://www.mercadolivre.com.br/notebook-vaio-fe16-intel-core-i5-13-gen-windows-11-home-16gb-512gb-ssd-wi-fi-6-tela-16-ips-wuxga-antirreflexo-cinza-grafite-vjfe62f11x-b0321h-memoria-expansivel-ate-64gb/p/MLB49100023#polycard_client=search-desktop&search_layout=grid&position=47&type=product&tracking_id=28639cd9-7bde-4f3d-89c2-2b21beb8a1d7&wid=MLB5666026714&sid=search,https://lista.mercadolivre.com.br/notebook_Desde_51,notebook,,False,,notebook vaio fe16 intel core i5 13a gen windows 11 home 16gb 512gb ssd wi fi 6 tela 16 ips wuxga antirreflexo cinza grafite vjfe62f11x b0321h memoria expansivel ate 64gb,notebook,d9ec68899687b14ca77bbe4d1ddce47c56868aee
mercado_livre,2026-02-12 10:59:03,"Apple MacBook Air de 13"" Estelar Chip M2 da Apple com CPU de 8 núcleos GPU de 8 núcleos e Neural Engine de 16 núcleos Memória unificada de 16 GB SSD de 256 GB - Distribuidor Autorizado",12499.00,https://www.mercadolivre.com.br/apple-macbookair-de-13-estelar-chipm2-da-apple-com-cpu-de-8nucleos-gpu-de-8nucleos-e-neuralengine-de-16nucleos-memoria-unificada-de-16gb-ssd-de-256-gb-distribuidor-autorizado/p/MLB1050876787#polycard_client=search-desktop&search_layout=grid&position=35&type=product&tracking_id=28639cd9-7bde-4f3d-89c2-2b21beb8a1d7&wid=MLB5417757006&sid=search,https://lista.mercadolivre.com.br/notebook_Desde_51,notebook,,False,,apple macbook air de 13 estelar chip m2 da apple com cpu de 8 nucleos gpu de 8 nucleos e neural engine de 16 nucleos memoria unificada de 16 gb ssd de 256 gb distribuidor autorizado,notebook,9a533a94d36e2edba79be6e5c244e9cdc92eb3fe
mercado_livre,2026-02-12 10:59:03,Notebook Lenovo Slim3 R7 8gb 256gb Ssd 15.3 Fhd Linux,3574.00,https://www.mercadolivre.com.br/notebook-lenovo-slim3-r7-8gb-256gb-ssd-153-fhd-linux/p/MLB62320878#polycard_client=search-desktop&search_layout=grid&position=46&type=product&tracking_id=28639cd9-7bde-4f3d-89c2-2b21beb8a1d7&wid=MLB6020030306&sid=search,https://lista.mercadolivre.com.br/notebook_Desde_51,notebook,,False,,notebook lenovo slim3 r7 8gb 256gb ssd 15 3 fhd linux,notebook,57f3cbd40040849bb80e8c5d4ee4b3424b1634ce
mercado_livre,2026-02-12 10:59:03,Notebook Vaio® Fe16 Intel Core I5 13th 8gb 256gb Ssd Linux Cinza/grafite,4999.00,https://www.mercadolivre.com.br/notebook-vaio-fe16-intel-core-i5-13th-8gb-256gb-ssd-linux-cinzagrafite/p/MLB56605183#polycard_client=search-desktop&search_layout=grid&position=45&type=product&tracking_id=28639cd9-7bde-4f3d-89c2-2b21beb8a1d7&wid=MLB6070553236&sid=search,https://lista.mercadolivre.com.br/notebook_Desde_51,notebook,,False,,notebook vaio fe16 intel core i5 13th 8gb 256gb ssd linux cinza grafite,notebook,47ac4b1ae90f8343c2a141edacc541b3e2b5646a
mercado_livre,2026-02-12 10:59:03,Acer Predator Helios Neo PHN16-72-99MY Intel Ci9 14ªGeração 32GB 1TB SSD RTX4070 Windows11 Cor Preto,12999.00,https://www.mercadolivre.com.br/acer-predator-helios-neo-phn16-72-99my-intel-ci9-14geraco-32gb-1tb-ssd-rtx4070-windows11-cor-preto/p/MLB44296157#polycard_client=search-desktop&search_layout=grid&position=44&type=product&tracking_id=28639cd9-7bde-4f3d-89c2-2b21beb8a1d7&wid=MLB4039270697&sid=search,https://lista.mercadolivre.com.br/notebook_Desde_51,notebook,,False,,acer predator helios neo phn16 72 99my intel ci9 14ageracao 32gb 1tb ssd rtx4070 windows11 cor preto,notebook,12590bd02d2932e2d2ffe9a1ef62e371e2ca0a42
mercado_livre,2026-02-12 10:59:03,"Notebook Lenovo Ideapad 1i Intel Core I3 - 1215U, 4GB RAM, 256GB SSD, Windows 11 Home, Tela 15.6'' - 82VY000TBR Cor cinza",3599.00,https://www.mercadolivre.com.br/notebook-lenovo-ideapad-1i-intel-core-i3-1215u-4gb-ram-256gb-ssd-windows-11-home-tela-156-82vy000tbr-cor-cinza/p/MLB28131253#polycard_client=search-desktop&search_layout=grid&position=43&type=product&tracking_id=28639cd9-7bde-4f3d-89c2-2b21beb8a1d7&wid=MLB5598363968&sid=search,https://lista.mercadolivre.com.br/notebook_Desde_51,notebook,,False,,notebook lenovo ideapad 1i intel core i3 1215u 4gb ram 256gb ssd windows 11 home tela 15 6 82vy000tbr cor cinza,notebook,97abb291dd289d60aff6932334543660ea2772d5
mercado_livre,2026-02-12 10:59:03,"Apple MacBook Air de 13"" (Meia-noite, Chip M2 da Apple com CPU de 8 núcleos, GPU de 8 núcleos e Neural Engine de 16 núcleos, Memória unificada de 16 GB, SSD de 256 GB) - Distribuidor Autorizado",12499.00,https://www.mercadolivre.com.br/apple-macbookair-de-13-meia-noite-chipm2-da-apple-com-cpu-de-8nucleos-gpu-de-8nucleos-e-neuralengine-de-16nucleos-memoria-unificada-de-16gb-ssd-de-256-gb-distribuidor-autorizado/p/MLB1050875813#polycard_client=search-desktop&search_layout=grid&position=42&type=product&tracking_id=28639cd9-7bde-4f3d-89c2-2b21beb8a1d7&wid=MLB5417744102&sid=search,https://lista.mercadolivre.com.br/notebook_Desde_51,notebook,,False,,apple macbook air de 13 meia noite chip m2 da apple com cpu de 8 nucleos gpu de 8 nucleos e neural engine de 16 nucleos memoria unificada de 16 gb ssd de 256 gb distribuidor autorizado,notebook,84bddfd721e60706a82985c5f0ef5f442b95f947
mercado_livre,2026-02-12 10:59:03,Notebook Touchscreen Acer Aspire A16-71MT-75Z5 Com IA Intel® Core™ Ultra 7 155U 16GB RAM 512SSD 16” Windows 11,5999.00,https://www.mercadolivre.com.br/notebook-touchscreen-acer-aspire-a16-71mt-75z5-com-ia-intel-core-ultra-7-155u-16gb-ram-512ssd-16-windows-11/p/MLB60700747#polycard_client=search-desktop&search_layout=grid&position=41&type=product&tracking_id=28639cd9-7bde-4f3d-89c2-2b21beb8a1d7&wid=MLB4264412299&sid=search,https://lista.mercadolivre.com.br/notebook_Desde_51,notebook,,False,,notebook touchscreen acer aspire a16 71mt 75z5 com ia intel core ultra 7 155u 16gb ram 512ssd 16 windows 11,notebook,d15cadadbe793b4d59970e5475dbc77ef33cc7dd
mercado_livre,2026-02-12 10:59:03,"Notebook ASUS ROG Strix G16 NVIDIA GeForce RTX 5060 Intel Core i9 14900HX 2,2 GHz 16GB Ram 512GB SSD Windows 11 Home Tela 16"" 240Hz Eclipse Gray - G615JMR-S5001W",12099.00,https://www.mercadolivre.com.br/notebook-asus-rog-strix-g16-nvidia-geforce-rtx-5060-intel-core-i9-14900hx-22-ghz-16gb-ram-512gb-ssd-windows-11-home-tela-16-240hz-eclipse-gray-g615jmr-s5001w/p/MLB54236164#polycard_client=search-desktop&search_layout=grid&position=40&type=product&tracking_id=28639cd9-7bde-4f3d-89c2-2b21beb8a1d7&wid=MLB5682679858&sid=search,https://lista.mercadolivre.com.br/notebook_Desde_51,notebook,,False,,notebook asus rog strix g16 nvidia geforce rtx 5060 intel core i9 14900hx 2 2 ghz 16gb ram 512gb ssd windows 11 home tela 16 240hz eclipse gray g615jmr s5001w,notebook,aea6646fc7d02d13383f7abf64aa33079ce2b120
mercado_livre,2026-02-12 10:59:03,Notebook Lenovo Ideapad Slim 3 15irh10 Intel Core i7-13620h 16gb 512gb Ssd Linux 15.3 - 83nss00100 Luna Grey,4799.00,https://www.mercadolivre.com.br/notebook-lenovo-ideapad-slim-3-15irh10-intel-core-i7-13620h-16gb-512gb-ssd-linux-153-83nss00100-luna-grey/p/MLB51332653#polycard_client=search-desktop&search_layout=grid&position=39&type=product&tracking_id=28639cd9-7bde-4f3d-89c2-2b21beb8a1d7&wid=MLB4209572587&sid=search,https://lista.mercadolivre.com.br/notebook_Desde_51,notebook,,False,,notebook lenovo ideapad slim 3 15irh10 intel core i7 13620h 16gb 512gb ssd linux 15 3 83nss00100 luna grey,notebook,9dc03a7c1f934eba0528518dab4f7baaff9f356e
mercado_livre,2026-02-12 10:59:03,Notebook Multi Ultra Celeron N4020c 4gb 128gb W11 14'' Cinza,2064.00,https://www.mercadolivre.com.br/notebook-multi-ultra-celeron-n4020c-4gb-128gb-w11-14-cinza/p/MLB32101651#polycard_client=search-desktop&search_layout=grid&position=38&type=product&tracking_id=28639cd9-7bde-4f3d-89c2-2b21beb8a1d7&wid=MLB3988106227&sid=search,https://lista.mercadolivre.com.br/notebook_Desde_51,notebook,,False,,notebook multi ultra celeron n4020c 4gb 128gb w11 14 cinza,notebook,58eecf446d2fc35012c3c9213c179ad58321f64c
mercado_livre,2026-02-12 10:59:03,Notebook Acer Aspire GO 15 AG15-71P-58MD Intel® Core™ i5-13420H 13ªGeração 512SSD 8GB RAM DDR5 15.6” Full HD (1920 x 1080) Windows 11 Home,3999.00,https://www.mercadolivre.com.br/notebook-acer-aspire-go-15-ag15-71p-58md-intel-core-i5-13420h-13geraco-512ssd-8gb-ram-ddr5-156-full-hd-1920-x-1080-windows-11-home/p/MLB53547163#polycard_client=search-desktop&search_layout=grid&position=37&type=product&tracking_id=28639cd9-7bde-4f3d-89c2-2b21beb8a1d7&wid=MLB5640776030&sid=search,https://lista.mercadolivre.com.br/notebook_Desde_51,notebook,,False,,notebook acer aspire go 15 ag15 71p 58md intel core i5 13420h 13ageracao 512ssd 8gb ram ddr5 15 6 full hd 1920 x 1080 windows 11 home,notebook,f005e13adf6a2d856298af120200c32987871f55
mercado_livre,2026-02-12 10:59:03,Notebook Positivo Master N4340 Intel® Core I5-10210u Windows 11 Home 8gb Ram 256gb Ssd 14 Hd - Preto - Excelente (Recondicionado),1.72,https://www.mercadolivre.com.br/notebook-positivo-master-n4340-intel-core-i5-10210u-windows-11-home-8gb-ram-256gb-ssd-14-hd-preto-excelente-recondicionado/p/MLB2010697629#polycard_client=search-desktop&search_layout=grid&position=36&type=product&tracking_id=28639cd9-7bde-4f3d-89c2-2b21beb8a1d7&wid=MLB4430009549&sid=search,https://lista.mercadolivre.com.br/notebook_Desde_51,notebook,,False,,notebook positivo master n4340 intel core i5 10210u windows 11 home 8gb ram 256gb ssd 14 hd preto excelente recondicionado,notebook,ab7dfd4d9515915c875f7083fae8ca74af092c5b
mercado_livre,2026-02-12 10:59:03,"Notebook Samsung Galaxy Book Go, Windows 11 Home, Snapdragon® 7c, 4gb, 128gb Ufs, 14'' Full Hd Led, 1.38kg Com Copilot Integrado",2799.00,https://www.mercadolivre.com.br/notebook-samsung-galaxy-book-go-windows-11-home-snapdragon-7c-4gb-128gb-ufs-14-full-hd-led-138kg-com-copilot-integrado/p/MLB51558073#polycard_client=search-desktop&search_layout=grid&position=7&type=product&tracking_id=28639cd9-7bde-4f3d-89c2-2b21beb8a1d7&wid=MLB6063854268&sid=search,https://lista.mercadolivre.com.br/notebook_Desde_51,notebook,,False,,notebook samsung galaxy book go windows 11 home snapdragon 7c 4gb 128gb ufs 14 full hd led 1 38kg com copilot integrado,notebook,a7b98c55b7ed1006dc9579b955080baf1bb470a8
mercado_livre,2026-02-12 10:59:03,"Notebook Acer Aspire Go 15 AG15-51P-39MU – Intel Core i3-1305U 13ª Geração • 8GB DDR5 RAM • 256GB SSD • Tela 15,3' • Windows 11 Home",3.12,https://www.mercadolivre.com.br/notebook-acer-aspire-go-15-ag15-51p-39mu-intel-core-i3-1305u-13-geraco-8gb-ddr5-ram-256gb-ssd-tela-153-windows-11-home/p/MLB52936702#polycard_client=search-desktop&search_layout=grid&position=6&type=product&tracking_id=28639cd9-7bde-4f3d-89c2-2b21beb8a1d7&wid=MLB4144557655&sid=search,https://lista.mercadolivre.com.br/notebook_Desde_51,notebook,,False,,notebook acer aspire go 15 ag15 51p 39mu intel core i3 1305u 13a geracao 8gb ddr5 ram 256gb ssd tela 15 3 windows 11 home,notebook,a14fd7061c957fd7f36ce6be01ec1c1d029ef5a6
mercado_livre,2026-02-12 10:59:03,"Notebook Gamer Acer Nitro V Intel Core I5 - 13420H, 8GB Ram, 512GB SSD, NVIDIA RTX4050, Windows 11 Home, Tela 15,6"" Full HD - ANV15-51-54DL",5.79,https://www.mercadolivre.com.br/notebook-gamer-acer-nitro-v-intel-core-i5-13420h-8gb-ram-512gb-ssd-nvidia-rtx4050-windows-11-home-tela-156-full-hd-anv15-51-54dl/p/MLB37728210#polycard_client=search-desktop&search_layout=grid&position=5&type=product&tracking_id=28639cd9-7bde-4f3d-89c2-2b21beb8a1d7&wid=MLB4373382109&sid=search,https://lista.mercadolivre.com.br/notebook_Desde_51,notebook,,False,,notebook gamer acer nitro v intel core i5 13420h 8gb ram 512gb ssd nvidia rtx4050 windows 11 home tela 15 6 full hd anv15 51 54dl,notebook,61b214df551f72674cffb826828b0844318a2177
mercado_livre,2026-02-12 10:59:03,"Notebook Samsung Galaxy Book4 Intel® Core™ i5-1335U (1.3 Ghz, até 4.6GHz, 12 MB L3 Cache), Windows 11 Home, 8GB, 512GB SSD, Iris Xe, 15.6'' Full HD LED, 1.55kg",5799.00,https://www.mercadolivre.com.br/notebook-samsung-galaxy-book4-intel-core-i5-1335u-13-ghz-ate-46ghz-12-mb-l3-cache-windows-11-home-8gb-512gb-ssd-iris-xe-156-full-hd-led-155kg/p/MLB37044038#polycard_client=search-desktop&search_layout=grid&position=15&type=product&tracking_id=203c3b31-8359-4679-83e2-771e559e4a68&wid=MLB3988105539&sid=search,https://lista.mercadolivre.com.br/notebook,notebook,4.9,True,https://schema.org/InStock,notebook samsung galaxy book4 intel core i5 1335u 1 3 ghz ate 4 6ghz 12 mb l3 cache windows 11 home 8gb 512gb ssd iris xe 15 6 full hd led 1 55kg,notebook,d603a23d9e6f813d6a226c768dbaf739d60db761
mercado_livre,2026-02-12 10:59:03,"Notebook VAIO FE 16 Intel Core i5-1334U Linux, 32GB RAM 512GB SSD Tela 16"" IPS WUXGA Antireflexo - Cinza Grafite - VJFE62F11X-B0111H - Permite upgrade de memória RAM e SSD",6499.00,https://www.mercadolivre.com.br/notebook-vaio-fe-16-intel-core-i5-1334u-linux-32gb-ram-512gb-ssd-tela-16-ips-wuxga-antireflexo-cinza-grafite-vjfe62f11x-b0111h-permite-upgrade-de-memoria-ram-e-ssd/p/MLB54941321#polycard_client=search-desktop&search_layout=grid&position=26&type=product&tracking_id=203c3b31-8359-4679-83e2-771e559e4a68&wid=MLB5923139630&sid=search,https://lista.mercadolivre.com.br/notebook,notebook,4.9,True,https://schema.org/InStock,notebook vaio fe 16 intel core i5 1334u linux 32gb ram 512gb ssd tela 16 ips wuxga antireflexo cinza grafite vjfe62f11x b0111h permite upgrade de memoria ram e ssd,notebook,2c1966f977f82f97d670079f20d7cda3ce6629a3
mercado_livre,2026-02-12 10:59:03,Notebook Lenovo Ideapad Slim 3 15irh10 Intel Core i5-13420h 8gb 256gb Ssd Windows 11 15.3 - 83ns0003br Luna Grey,3514.00,https://www.mercadolivre.com.br/notebook-lenovo-ideapad-slim-3-15irh10-intel-core-i5-13420h-8gb-256gb-ssd-windows-11-153-83ns0003br-luna-grey/p/MLB51234660#polycard_client=search-desktop&search_layout=grid&position=25&type=product&tracking_id=203c3b31-8359-4679-83e2-771e559e4a68&wid=MLB5759767112&sid=search,https://lista.mercadolivre.com.br/notebook,notebook,4.9,True,https://schema.org/InStock,notebook lenovo ideapad slim 3 15irh10 intel core i5 13420h 8gb 256gb ssd windows 11 15 3 83ns0003br luna grey,notebook,2bac758847f6c266512a8d9271be0da2e265ca7b
mercado_livre,2026-02-12 10:59:03,Notebook Lenovo Ideapad 1 15amn7 Amd Ryzen 3 7320u 8gb 256gb Ssd Windows 11 15.6 - 82x5000mbr Cloud Grey,2899.00,https://www.mercadolivre.com.br/notebook-lenovo-ideapad-1-15amn7-amd-ryzen-3-7320u-8gb-256gb-ssd-windows-11-156-82x5000mbr-cloud-grey/p/MLB52907392#polycard_client=search-desktop&search_layout=grid&position=24&type=product&tracking_id=203c3b31-8359-4679-83e2-771e559e4a68&wid=MLB4129286535&sid=search,https://lista.mercadolivre.com.br/notebook,notebook,4.9,True,https://schema.org/InStock,notebook lenovo ideapad 1 15amn7 amd ryzen 3 7320u 8gb 256gb ssd windows 11 15 6 82x5000mbr cloud grey,notebook,ffca209bc789a5755d6fc6a0349c6bfef80a3fa1
mercado_livre,2026-02-12 10:59:03,Notebook Lenovo Ideapad Slim 3 15irh10 Intel Core i5-13420h 16gb 512gb Ssd Windows 11 15.3 - 83ns0001br Luna Grey,3999.00,https://www.mercadolivre.com.br/notebook-lenovo-ideapad-slim-3-15irh10-intel-core-i5-13420h-16gb-512gb-ssd-windows-11-153-83ns0001br-luna-grey/p/MLB51233306#polycard_client=search-desktop&search_layout=grid&position=23&type=product&tracking_id=203c3b31-8359-4679-83e2-771e559e4a68&wid=MLB5435583568&sid=search,https://lista.mercadolivre.com.br/notebook,notebook,4.9,True,https://schema.org/InStock,notebook lenovo ideapad slim 3 15irh10 intel core i5 13420h 16gb 512gb ssd windows 11 15 3 83ns0001br luna grey,notebook,685988abb9cd9579d9bfb9bd44290c13aab8f7be
mercado_livre,2026-02-12 10:59:03,"Notebook Vaio Fe16 Amd Ryzen 5-5625u Windows 11 Home 12gb RAM 512gb Ssd Wi-fi 6 Tela 16"" Ips Wuxga Antirreflexo - Cinza Grafite Vjfe69f11x-b1221h - Permite upgrade de memória RAM e SSD",4718.00,https://www.mercadolivre.com.br/notebook-vaio-fe16-amd-ryzen-5-5625u-windows-11-home-12gb-ram-512gb-ssd-wi-fi-6-tela-16-ips-wuxga-antirreflexo-cinza-grafite-vjfe69f11x-b1221h-permite-upgrade-de-memoria-ram-e-ssd/p/MLB48919057#polycard_client=search-desktop&search_layout=grid&position=22&type=product&tracking_id=203c3b31-8359-4679-83e2-771e559e4a68&wid=MLB5361315142&sid=search,https://lista.mercadolivre.com.br/notebook,notebook,4.9,True,https://schema.org/InStock,notebook vaio fe16 amd ryzen 5 5625u windows 11 home 12gb ram 512gb ssd wi fi 6 tela 16 ips wuxga antirreflexo cinza grafite vjfe69f11x b1221h permite upgrade de memoria ram e ssd,notebook,3e650cdc02cce7dfa8731bf0cd72e70e6856422c
mercado_livre,2026-02-12 10:59:03,Notebook Inspiron I15-i1300-a80p I7 16gb 1tb W11 Preto Dell,5745.00,https://www.mercadolivre.com.br/notebook-inspiron-i15-i1300-a80p-i7-16gb-1tb-w11-preto-dell/p/MLB52641588#polycard_client=search-desktop&search_layout=grid&position=21&type=product&tracking_id=203c3b31-8359-4679-83e2-771e559e4a68&wid=MLB4132228593&sid=search,https://lista.mercadolivre.com.br/notebook,notebook,4.9,True,https://schema.org/InStock,notebook inspiron i15 i1300 a80p i7 16gb 1tb w11 preto dell,notebook,c74b0ba1fe446d8464753c510e9c8cd7da7fdfdc
mercado_livre,2026-02-12 10:59:03,Notebook Positivo Vision R15m Amd Ryzen 5-5625u Linux 8gb Ram 256gb Ssd Wi-fi 6 Tela 15 Full Hd Ips Antirreflexo - Permite Upgrade De Memória Ram E Ssd - Preto,3855.00,https://www.mercadolivre.com.br/notebook-positivo-vision-r15m-amd-ryzen-5-5625u-linux-8gb-ram-256gb-ssd-wi-fi-6-tela-15-full-hd-ips-antirreflexo-permite-upgrade-de-memoria-ram-e-ssd-preto/p/MLB53471779#polycard_client=search-desktop&search_layout=grid&position=20&type=product&tracking_id=203c3b31-8359-4679-83e2-771e559e4a68&wid=MLB4229117573&sid=search,https://lista.mercadolivre.com.br/notebook,notebook,4.9,True,https://schema.org/InStock,notebook positivo vision r15m amd ryzen 5 5625u linux 8gb ram 256gb ssd wi fi 6 tela 15 full hd ips antirreflexo permite upgrade de memoria ram e ssd preto,notebook,13632ed95dd3c9da6aaf4cfe472d77d381a306f9
mercado_livre,2026-02-12 10:59:03,"Notebook Multi Ultra Celeron N4020c 4gb 128gb W11 15,6'' Cinza - Ub261",2098.00,https://www.mercadolivre.com.br/notebook-multi-ultra-celeron-n4020c-4gb-128gb-w11-156-cinza-ub261/p/MLB34976193#polycard_client=search-desktop&search_layout=grid&position=19&type=product&tracking_id=203c3b31-8359-4679-83e2-771e559e4a68&wid=MLB4563031682&sid=search,https://lista.mercadolivre.com.br/notebook,notebook,4.6,True,https://schema.org/InStock,notebook multi ultra celeron n4020c 4gb 128gb w11 15 6 cinza ub261,notebook,7e3edfeccde155f2025f9daf7dc82e34a5c147b1
mercado_livre,2026-02-12 10:59:03,Notebook Lenovo Ideapad I3-1315 8gb 512gb Ssd 15.6 Fhd Linux Cinza,3499.00,https://www.mercadolivre.com.br/notebook-lenovo-ideapad-i3-1315-8gb-512gb-ssd-156-fhd-linux-cinza/p/MLB53285359#polycard_client=search-desktop&search_layout=grid&position=18&type=product&tracking_id=203c3b31-8359-4679-83e2-771e559e4a68&wid=MLB4222404837&sid=search,https://lista.mercadolivre.com.br/notebook,notebook,4.9,True,https://schema.org/InStock,notebook lenovo ideapad i3 1315 8gb 512gb ssd 15 6 fhd linux cinza,notebook,61b5b49863a2c31f068983db2af4c1b2bc920abb
mercado_livre,2026-02-12 10:59:03,Notebook Positivo Vision C14 Lumina BAR Celeron 4GB 128GB eMMC Tela 14 Polegadas HD Antirreflexo Windows 11 Tecla Link Cinza,1899.00,https://www.mercadolivre.com.br/notebook-positivo-vision-c14-lumina-bar-celeron-4gb-128gb-emmc-tela-14-polegadas-hd-antirreflexo-windows-11-tecla-link-cinza/p/MLB26133653#polycard_client=search-desktop&search_layout=grid&position=17&type=product&tracking_id=203c3b31-8359-4679-83e2-771e559e4a68&wid=MLB3571995199&sid=search,https://lista.mercadolivre.com.br/notebook,notebook,4.6,True,https://schema.org/InStock,notebook positivo vision c14 lumina bar celeron 4gb 128gb emmc tela 14 polegadas hd antirreflexo windows 11 tecla link cinza,notebook,d49f1e4f183a5aa7e2ea8edf68b6831e08534c10
mercado_livre,2026-02-12 10:59:03,Notebook Acer Aspire Go 15 AG15-71P-53D9 Intel® Core I5-13420h 13ªg 16GB Ram 512SSD Linux 15.6 Full HD (1920 x 1080),4299.00,https://www.mercadolivre.com.br/notebook-acer-aspire-go-15-ag15-71p-53d9-intel-core-i5-13420h-13g-16gb-ram-512ssd-linux-156-full-hd-1920-x-1080/p/MLB54468742#polycard_client=search-desktop&search_layout=grid&position=16&type=product&tracking_id=203c3b31-8359-4679-83e2-771e559e4a68&wid=MLB4196290813&sid=search,https://lista.mercadolivre.com.br/notebook,notebook,4.9,True,https://schema.org/InStock,notebook acer aspire go 15 ag15 71p 53d9 intel core i5 13420h 13ag 16gb ram 512ssd linux 15 6 full hd 1920 x 1080,notebook,d218c2bdea44fe18703c54a75a7dc671593a0aee
mercado_livre,2026-02-12 10:59:03,Notebook Acer Aspire 16 A16-71M-55H0 com IA | Intel Core Ultra 5 115U (NPU AI) • 16GB RAM • 512GB SSD • Tela 16” WUXGA • Windows 11,4999.00,https://www.mercadolivre.com.br/notebook-acer-aspire-16-a16-71m-55h0-com-ia-intel-core-ultra-5-115u-npu-ai-16gb-ram-512gb-ssd-tela-16-wuxga-windows-11/p/MLB60328223#polycard_client=search-desktop&search_layout=grid&position=14&type=product&tracking_id=203c3b31-8359-4679-83e2-771e559e4a68&wid=MLB4268306121&sid=search,https://lista.mercadolivre.com.br/notebook,notebook,5.0,True,https://schema.org/InStock,notebook acer aspire 16 a16 71m 55h0 com ia intel core ultra 5 115u npu ai 16gb ram 512gb ssd tela 16 wuxga windows 11,notebook,4c708dd111c1381db5142ad0824c0cd303b80259
mercado_livre,2026-02-12 10:59:03,Notebook Positivo Vision C15m Intel Celeron N4500 Windows 11 Home 4gb Ram 128gb Emmc Tela 15 Full Hd Ips Antirreflexo - Minitela E Tecla Copilot - Permite Upgrade De Memória Ssd - Cinza,2099.00,https://www.mercadolivre.com.br/notebook-positivo-vision-c15m-intel-celeron-n4500-windows-11-home-4gb-ram-128gb-emmc-tela-15-full-hd-ips-antirreflexo-minitela-e-tecla-copilot-permite-upgrade-de-memoria-ssd-cinza/p/MLB54103769#polycard_client=search-desktop&search_layout=grid&position=13&type=product&tracking_id=203c3b31-8359-4679-83e2-771e559e4a68&wid=MLB5769733060&sid=search,https://lista.mercadolivre.com.br/notebook,notebook,4.8,True,https://schema.org/InStock,notebook positivo vision c15m intel celeron n4500 windows 11 home 4gb ram 128gb emmc tela 15 full hd ips antirreflexo minitela e tecla copilot permite upgrade de memoria ssd cinza,notebook,7dbe27a4a1d006e98675f83b207cf3aa4fce2ac0
mercado_livre,2026-02-12 10:59:03,HP Pavilion 17-CN4153 B87ZZUA Silver 16 GB 1 TB 60 Hz 1600 px x 900 px Intel Graphics Intel Core 5 120U Windows 11 Home Sim,4901.00,https://www.mercadolivre.com.br/hp-pavilion-17-cn4153-b87zzua-silver-16-gb-1-tb-60-hz-1600-px-x-900-px-intel-graphics-intel-core-5-120u-windows-11-home-sim/p/MLB56952040#polycard_client=search-desktop&search_layout=grid&position=12&type=product&tracking_id=203c3b31-8359-4679-83e2-771e559e4a68&wid=MLB4372773221&sid=search,https://lista.mercadolivre.com.br/notebook,notebook,,True,https://schema.org/InStock,hp pavilion 17 cn4153 b87zzua silver 16 gb 1 tb 60 hz 1600 px x 900 px intel graphics intel core 5 120u windows 11 home sim,notebook,5f0a6b98eb67a48b39734f74f2133203f75280cd
mercado_livre,2026-02-12 10:59:03,Notebook Lenovo Thinkpad T480 I5 Ssd M2 256gb 8gb Win10Pro Cor Preto - Excelente (Recondicionado),1899.00,https://www.mercadolivre.com.br/notebook-lenovo-thinkpad-t480-i5-ssd-m2-256gb-8gb-win10pro-cor-preto-excelente-recondicionado/p/MLB2010705397#polycard_client=search-desktop&search_layout=grid&position=11&type=product&tracking_id=203c3b31-8359-4679-83e2-771e559e4a68&wid=MLB6102676880&sid=search,https://lista.mercadolivre.com.br/notebook,notebook,4.7,True,https://schema.org/InStock,notebook lenovo thinkpad t480 i5 ssd m2 256gb 8gb win10pro cor preto excelente recondicionado,notebook,5054767ea8cc3dba89aa53995236a53d49abf69f
mercado_livre,2026-02-12 10:59:03,Notebook Lenovo Ideapad 1 15iru7 Intel Core i3-1315u 8gb 256gb Ssd Windows 11 15.6 - 83qj0001bo Cloud Grey,4499.00,https://www.mercadolivre.com.br/notebook-lenovo-ideapad-1-15iru7-intel-core-i3-1315u-8gb-256gb-ssd-windows-11-156-83qj0001bo-cloud-grey/p/MLB52907400#polycard_client=search-desktop&search_layout=grid&position=10&type=product&tracking_id=203c3b31-8359-4679-83e2-771e559e4a68&wid=MLB5807301712&sid=search,https://lista.mercadolivre.com.br/notebook,notebook,4.9,True,https://schema.org/InStock,notebook lenovo ideapad 1 15iru7 intel core i3 1315u 8gb 256gb ssd windows 11 15 6 83qj0001bo cloud grey,notebook,62b3aa821cd575ff2fb4baf0de6c6855804012f3
mercado_livre,2026-02-12 10:59:03,"Notebook 2 Em 1 Positivo Duo Intel Celeron N4500 4gb Ram 128gb De Armazenamento, Tela 11"" Hd Ips Touch Com Caneta Capacitiva, Windows 11 Home Cinza C4128e",1899.00,https://www.mercadolivre.com.br/notebook-2-em-1-positivo-duo-intel-celeron-n4500-4gb-ram-128gb-de-armazenamento-tela-11-hd-ips-touch-com-caneta-capacitiva-windows-11-home-cinza-c4128e/p/MLB54525194#polycard_client=search-desktop&search_layout=grid&position=9&type=product&tracking_id=203c3b31-8359-4679-83e2-771e559e4a68&wid=MLB4262767821&sid=search,https://lista.mercadolivre.com.br/notebook,notebook,4.8,True,https://schema.org/InStock,notebook 2 em 1 positivo duo intel celeron n4500 4gb ram 128gb de armazenamento tela 11 hd ips touch com caneta capacitiva windows 11 home cinza c4128e,notebook,bb720ea539c31651ac53ec37b5163b8cd0b66374
mercado_livre,2026-02-12 10:59:03,"Notebook Lenovo IdeaPad Slim 3 15IRH10 Intel Core i5-13420H 8GB 512GB SSD Windows 11 15.3"" - 83NS0002BR Luna Grey",5.50,https://www.mercadolivre.com.br/notebook-lenovo-ideapad-slim-3-15irh10-intel-core-i5-13420h-8gb-512gb-ssd-windows-11-153-83ns0002br-luna-grey/p/MLB51233304#polycard_client=search-desktop&search_layout=grid&position=8&type=product&tracking_id=203c3b31-8359-4679-83e2-771e559e4a68&wid=MLB4183197053&sid=search,https://lista.mercadolivre.com.br/notebook,notebook,4.9,True,https://schema.org/InStock,notebook lenovo ideapad slim 3 15irh10 intel core i5 13420h 8gb 512gb ssd windows 11 15 3 83ns0002br luna grey,notebook,83ec0f4d3d1d41d96127c5f33b8d689ff90e3a9e
mercado_livre,2026-02-12 10:59:03,Notebook Dell Inspiron I15-i1300-a30p 15.6 I5 8gb 512gb W11 Preto,4198.00,https://www.mercadolivre.com.br/notebook-dell-inspiron-i15-i1300-a30p-156-i5-8gb-512gb-w11-preto/p/MLB54247265#polycard_client=search-desktop&search_layout=grid&position=7&type=product&tracking_id=203c3b31-8359-4679-83e2-771e559e4a68&wid=MLB4196392517&sid=search,https://lista.mercadolivre.com.br/notebook,notebook,4.9,True,https://schema.org/InStock,notebook dell inspiron i15 i1300 a30p 15 6 i5 8gb 512gb w11 preto,notebook,29d498d17e168a674f0fab97422c1e6cfa81a24f
mercado_livre,2026-02-12 10:59:03,Notebook Dell Inspiron I15-i1300-a15p Core 3 8gb 512gb W11 Preto,3699.00,https://www.mercadolivre.com.br/notebook-dell-inspiron-i15-i1300-a15p-core-3-8gb-512gb-w11-preto/p/MLB52728444#polycard_client=search-desktop&search_layout=grid&position=6&type=product&tracking_id=203c3b31-8359-4679-83e2-771e559e4a68&wid=MLB5512463698&sid=search,https://lista.mercadolivre.com.br/notebook,notebook,4.9,True,https://schema.org/InStock,notebook dell inspiron i15 i1300 a15p core 3 8gb 512gb w11 preto,notebook,8ea91a11b68d08cc0d7fb78c93b8d297d3bd49e6
mercado_livre,2026-02-12 10:59:03,"Notebook Samsung Galaxy Book Go, Windows 11 Home, Snapdragon® 7c, 4gb, 128gb Ufs, 14'' Full Hd Led, 1.38kg Com Copilot Integrado",2799.00,https://www.mercadolivre.com.br/notebook-samsung-galaxy-book-go-windows-11-home-snapdragon-7c-4gb-128gb-ufs-14-full-hd-led-138kg-com-copilot-integrado/p/MLB51558073#polycard_client=search-desktop&search_layout=grid&position=5&type=product&tracking_id=203c3b31-8359-4679-83e2-771e559e4a68&wid=MLB6063854268&sid=search,https://lista.mercadolivre.com.br/notebook,notebook,4.8,True,https://schema.org/InStock,notebook samsung galaxy book go windows 11 home snapdragon 7c 4gb 128gb ufs 14 full hd led 1 38kg com copilot integrado,notebook,a7b98c55b7ed1006dc9579b955080baf1bb470a8
mercado_livre,2026-02-12 10:59:03,Notebook Lenovo Ideapad 1i Celeron Office 365 4gb 128gb W11,3999.00,https://www.mercadolivre.com.br/notebook-lenovo-ideapad-1i-celeron-office-365-4gb-128gb-w11/p/MLB41491320#polycard_client=search-desktop&search_layout=grid&position=4&type=product&tracking_id=203c3b31-8359-4679-83e2-771e559e4a68&wid=MLB5735611732&sid=search,https://lista.mercadolivre.com.br/notebook,notebook,4.8,True,https://schema.org/InStock,notebook lenovo ideapad 1i celeron office 365 4gb 128gb w11,notebook,e2e8852ea88209b5c13bbe0812de066e5dbc6add
mercado_livre,2026-02-12 10:59:03,"Notebook Gamer Acer Nitro V Intel Core I5 - 13420H, 8GB Ram, 512GB SSD, NVIDIA RTX4050, Windows 11 Home, Tela 15,6"" Full HD - ANV15-51-54DL",5.79,https://www.mercadolivre.com.br/notebook-gamer-acer-nitro-v-intel-core-i5-13420h-8gb-ram-512gb-ssd-nvidia-rtx4050-windows-11-home-tela-156-full-hd-anv15-51-54dl/p/MLB37728210#polycard_client=search-desktop&search_layout=grid&position=3&type=product&tracking_id=203c3b31-8359-4679-83e2-771e559e4a68&wid=MLB4373382109&sid=search,https://lista.mercadolivre.com.br/notebook,notebook,4.9,True,https://schema.org/InStock,notebook gamer acer nitro v intel core i5 13420h 8gb ram 512gb ssd nvidia rtx4050 windows 11 home tela 15 6 full hd anv15 51 54dl,notebook,61b214df551f72674cffb826828b0844318a2177
mercado_livre,2026-02-12 10:59:03,"Notebook Acer Aspire Go 15 AG15-51P-39MU – Intel Core i3-1305U 13ª Geração • 8GB DDR5 RAM • 256GB SSD • Tela 15,3' • Windows 11 Home",3849.00,https://www.mercadolivre.com.br/notebook-acer-aspire-go-15-ag15-51p-39mu-intel-core-i3-1305u-13-geraco-8gb-ddr5-ram-256gb-ssd-tela-153-windows-11-home/p/MLB52936702#polycard_client=search-desktop&search_layout=grid&position=27&type=product&tracking_id=203c3b31-8359-4679-83e2-771e559e4a68&wid=MLB4204188755&sid=search,https://lista.mercadolivre.com.br/notebook,notebook,4.9,True,https://schema.org/InStock,notebook acer aspire go 15 ag15 51p 39mu intel core i3 1305u 13a geracao 8gb ddr5 ram 256gb ssd tela 15 3 windows 11 home,notebook,dbb8d4d080096f38f814058ba4cdf18d63250933
mercado_livre,2026-02-12 10:59:03,Notebook Multi Ultra Celeron N4020c 4gb 128gb W11 14'' Cinza,2064.00,https://www.mercadolivre.com.br/notebook-multi-ultra-celeron-n4020c-4gb-128gb-w11-14-cinza/p/MLB32101651#polycard_client=search-desktop&search_layout=grid&position=28&type=product&tracking_id=203c3b31-8359-4679-83e2-771e559e4a68&wid=MLB3988106227&sid=search,https://lista.mercadolivre.com.br/notebook,notebook,4.6,True,https://schema.org/InStock,notebook multi ultra celeron n4020c 4gb 128gb w11 14 cinza,notebook,58eecf446d2fc35012c3c9213c179ad58321f64c
mercado_livre,2026-02-12 10:59:03,"Apple MacBook Air de 13"" Estelar Chip M2 da Apple com CPU de 8 núcleos GPU de 8 núcleos e Neural Engine de 16 núcleos Memória unificada de 16 GB SSD de 256 GB - Distribuidor Autorizado",12499.00,https://www.mercadolivre.com.br/apple-macbookair-de-13-estelar-chipm2-da-apple-com-cpu-de-8nucleos-gpu-de-8nucleos-e-neuralengine-de-16nucleos-memoria-unificada-de-16gb-ssd-de-256-gb-distribuidor-autorizado/p/MLB1050876787#polycard_client=search-desktop&search_layout=grid&position=29&type=product&tracking_id=203c3b31-8359-4679-83e2-771e559e4a68&wid=MLB5417757006&sid=search,https://lista.mercadolivre.com.br/notebook,notebook,5.0,True,https://schema.org/InStock,apple macbook air de 13 estelar chip m2 da apple com cpu de 8 nucleos gpu de 8 nucleos e neural engine de 16 nucleos memoria unificada de 16 gb ssd de 256 gb distribuidor autorizado,notebook,9a533a94d36e2edba79be6e5c244e9cdc92eb3fe
mercado_livre,2026-02-12 10:59:03,Notebook Vaio Fe16 Intel Core I3-1315u Linux 8gb Ram 256gb Ssd Tela 16 Ips Wuxga Antirreflexo - Cinza Grafite - Vjfe62f11x-b0811h,3.29,https://www.mercadolivre.com.br/notebook-vaio-fe16-intel-core-i3-1315u-linux-8gb-ram-256gb-ssd-tela-16-ips-wuxga-antirreflexo-cinza-grafite-vjfe62f11x-b0811h/p/MLB63300059#polycard_client=search-desktop&search_layout=grid&position=30&type=product&tracking_id=203c3b31-8359-4679-83e2-771e559e4a68&wid=MLB6078957498&sid=search,https://lista.mercadolivre.com.br/notebook,notebook,4.8,True,https://schema.org/InStock,notebook vaio fe16 intel core i3 1315u linux 8gb ram 256gb ssd tela 16 ips wuxga antirreflexo cinza grafite vjfe62f11x b0811h,notebook,78713c0f0bb2d7755c03bac85e0398b393946ece
mercado_livre,2026-02-12 10:59:03,Notebook Asus V16 V3607vu Nvidia Rtx 4050 Intel Core 5 210h 16gb Ram 512gb Ssd Windows 11 Home Tela 16 Led Fhd 144hz Nível Ips Black - Rp306w,6999.00,https://www.mercadolivre.com.br/notebook-asus-v16-v3607vu-nvidia-rtx-4050-intel-core-5-210h-16gb-ram-512gb-ssd-windows-11-home-tela-16-led-fhd-144hz-nivel-ips-black-rp306w/p/MLB52690298#polycard_client=search-desktop&search_layout=grid&position=50&type=product&tracking_id=203c3b31-8359-4679-83e2-771e559e4a68&wid=MLB5504764832&sid=search,https://lista.mercadolivre.com.br/notebook,notebook,,False,,notebook asus v16 v3607vu nvidia rtx 4050 intel core 5 210h 16gb ram 512gb ssd windows 11 home tela 16 led fhd 144hz nivel ips black rp306w,notebook,cbfd37176d17735b04d6720e8302f2a93cc549ac
mercado_livre,2026-02-12 10:59:03,"Notebook Vaio Fe16 Intel Core I5 13ª Gen Windows 11 Home 16gb 512gb Ssd Wi-fi 6 Tela 16"" Ips Wuxga Antirreflexo - Cinza Grafite - Vjfe62f11x-b0321h - Memória Expansível Até 64gb",5799.00,https://www.mercadolivre.com.br/notebook-vaio-fe16-intel-core-i5-13-gen-windows-11-home-16gb-512gb-ssd-wi-fi-6-tela-16-ips-wuxga-antirreflexo-cinza-grafite-vjfe62f11x-b0321h-memoria-expansivel-ate-64gb/p/MLB49100023#polycard_client=search-desktop&search_layout=grid&position=49&type=product&tracking_id=203c3b31-8359-4679-83e2-771e559e4a68&wid=MLB5666026714&sid=search,https://lista.mercadolivre.com.br/notebook,notebook,,False,,notebook vaio fe16 intel core i5 13a gen windows 11 home 16gb 512gb ssd wi fi 6 tela 16 ips wuxga antirreflexo cinza grafite vjfe62f11x b0321h memoria expansivel ate 64gb,notebook,d9ec68899687b14ca77bbe4d1ddce47c56868aee
mercado_livre,2026-02-12 10:59:03,Notebook Gamer Acer Nitro V15 ANV15-52-737P Intel® Core™ i7-13620H 13ªG 16GB RAM 512GB SSD RTX4050 FHD 15.6”,8999.00,https://www.mercadolivre.com.br/notebook-gamer-acer-nitro-v15-anv15-52-737p-intel-core-i7-13620h-13g-16gb-ram-512gb-ssd-rtx4050-fhd-156/p/MLB54176209#polycard_client=search-desktop&search_layout=grid&position=48&type=product&tracking_id=203c3b31-8359-4679-83e2-771e559e4a68&wid=MLB4197864301&sid=search,https://lista.mercadolivre.com.br/notebook,notebook,,False,,notebook gamer acer nitro v15 anv15 52 737p intel core i7 13620h 13ag 16gb ram 512gb ssd rtx4050 fhd 15 6,notebook,aebf8832f3c6e1211636d5f3db73b69029642d56
mercado_livre,2026-02-12 10:59:03,"Notebook ASUS Vivobook S14 AI PC, Intel Core Ultra 5, 32GB RAM, 1TB SSD, Windows 11 Home, Tela 14"" IPS, Matte Gray - S3407CA-LY115W",6299.00,https://www.mercadolivre.com.br/notebook-asus-vivobook-s14-ai-pc-intel-core-ultra-5-32gb-ram-1tb-ssd-windows-11-home-tela-14-ips-matte-gray-s3407ca-ly115w/p/MLB59293588#polycard_client=search-desktop&search_layout=grid&position=47&type=product&tracking_id=203c3b31-8359-4679-83e2-771e559e4a68&wid=MLB5885831406&sid=search,https://lista.mercadolivre.com.br/notebook,notebook,,False,,notebook asus vivobook s14 ai pc intel core ultra 5 32gb ram 1tb ssd windows 11 home tela 14 ips matte gray s3407ca ly115w,notebook,1cabe44379732d6e70c06fe6d2262027e5c21353
mercado_livre,2026-02-12 10:59:03,Notebook Asus Tuf Gaming F16 Fx608jhr Nvidia Rtx 5050 Intel Core I7 14650hx 16gb Ram 512gb Ssd Windows 11 Home Tela 16 165hz Nível Ips Cinza - Rv016w,10999.00,https://www.mercadolivre.com.br/notebook-asus-tuf-gaming-f16-fx608jhr-nvidia-rtx-5050-intel-core-i7-14650hx-16gb-ram-512gb-ssd-windows-11-home-tela-16-165hz-nivel-ips-cinza-rv016w/p/MLB52200046#polycard_client=search-desktop&search_layout=grid&position=46&type=product&tracking_id=203c3b31-8359-4679-83e2-771e559e4a68&wid=MLB4121520425&sid=search,https://lista.mercadolivre.com.br/notebook,notebook,,False,,notebook asus tuf gaming f16 fx608jhr nvidia rtx 5050 intel core i7 14650hx 16gb ram 512gb ssd windows 11 home tela 16 165hz nivel ips cinza rv016w,notebook,e052585b467d8acb7ddb9e700ae830eae949fb3e
mercado_livre,2026-02-12 10:59:03,"Notebook ASUS Vivobook S14 S3407CA Intel Core Ultra 5 225H 16GB Ram 512GB SSD Windows 11 Tela 14"" LED FHD Silver - LY113W",5499.00,https://www.mercadolivre.com.br/notebook-asus-vivobook-s14-s3407ca-intel-core-ultra-5-225h-16gb-ram-512gb-ssd-windows-11-tela-14-led-fhd-silver-ly113w/p/MLB61451369#polycard_client=search-desktop&search_layout=grid&position=45&type=product&tracking_id=203c3b31-8359-4679-83e2-771e559e4a68&wid=MLB4334390945&sid=search,https://lista.mercadolivre.com.br/notebook,notebook,,False,,notebook asus vivobook s14 s3407ca intel core ultra 5 225h 16gb ram 512gb ssd windows 11 tela 14 led fhd silver ly113w,notebook,aa4dab6b88e59fd90a5f9a658174fcffb4dd91c4
mercado_livre,2026-02-12 10:59:03,Notebook Asus Tuf Gaming F16 Fx607vj Nvidia Rtx 3050 Intel Core 5 210h 16gb Ram 512gb Ssd Linux Keepos Tela 16 Nível Ips 144hz Cinza - Rl015,8299.00,https://www.mercadolivre.com.br/notebook-asus-tuf-gaming-f16-fx607vj-nvidia-rtx-3050-intel-core-5-210h-16gb-ram-512gb-ssd-linux-keepos-tela-16-nivel-ips-144hz-cinza-rl015/p/MLB59190212#polycard_client=search-desktop&search_layout=grid&position=44&type=product&tracking_id=203c3b31-8359-4679-83e2-771e559e4a68&wid=MLB5779157344&sid=search,https://lista.mercadolivre.com.br/notebook,notebook,,False,,notebook asus tuf gaming f16 fx607vj nvidia rtx 3050 intel core 5 210h 16gb ram 512gb ssd linux keepos tela 16 nivel ips 144hz cinza rl015,notebook,176641325f843ee129cfc96471a7ffa5e61eb169
mercado_livre,2026-02-12 10:59:03,Notebook Gamer Acer Nitro V15 Anv15-52-514z Intel Core I5-13420h 15.6 Led Ips Nvidia Geforce Rtx3050 512gb Ssd 8gb Ram Linux 64,8999.00,https://www.mercadolivre.com.br/notebook-gamer-acer-nitro-v15-anv15-52-514z-intel-core-i5-13420h-156-led-ips-nvidia-geforce-rtx3050-512gb-ssd-8gb-ram-linux-64/p/MLB53215091#polycard_client=search-desktop&search_layout=grid&position=43&type=product&tracking_id=203c3b31-8359-4679-83e2-771e559e4a68&wid=MLB6032451666&sid=search,https://lista.mercadolivre.com.br/notebook,notebook,,False,,notebook gamer acer nitro v15 anv15 52 514z intel core i5 13420h 15 6 led ips nvidia geforce rtx3050 512gb ssd 8gb ram linux 64,notebook,02c7f6bb5e0d747ee3c73ee9770f3ed48828e5a3
mercado_livre,2026-02-12 10:59:03,Notebook Lenovo Slim3 R7 8gb 256gb Ssd 15.3 Fhd Linux,3574.00,https://www.mercadolivre.com.br/notebook-lenovo-slim3-r7-8gb-256gb-ssd-153-fhd-linux/p/MLB62320878#polycard_client=search-desktop&search_layout=grid&position=42&type=product&tracking_id=203c3b31-8359-4679-83e2-771e559e4a68&wid=MLB6020030306&sid=search,https://lista.mercadolivre.com.br/notebook,notebook,,False,,notebook lenovo slim3 r7 8gb 256gb ssd 15 3 fhd linux,notebook,57f3cbd40040849bb80e8c5d4ee4b3424b1634ce
mercado_livre,2026-02-12 10:59:03,"Notebook Positivo Vision I15M Intel Core 3 N300 8gb 256gb Ssd Wi-fi 6 Windows 11 - Tela 15,6 Full Hd Ips Antirreflexo – Minitela - Permite upgrade de memória RAM e SSD – Preto",3999.00,https://www.mercadolivre.com.br/notebook-positivo-vision-i15m-intel-core-3-n300-8gb-256gb-ssd-wi-fi-6-windows-11-tela-156-full-hd-ips-antirreflexo-minitela-permite-upgrade-de-memoria-ram-e-ssd-preto/p/MLB57351511#polycard_client=search-desktop&search_layout=grid&position=41&type=product&tracking_id=203c3b31-8359-4679-83e2-771e559e4a68&wid=MLB6168146578&sid=search,https://lista.mercadolivre.com.br/notebook,notebook,,False,,notebook positivo vision i15m intel core 3 n300 8gb 256gb ssd wi fi 6 windows 11 tela 15 6 full hd ips antirreflexo minitela permite upgrade de memoria ram e ssd preto,notebook,fb5d64bc19f6b4ff4e7d3fd41f05aba196011f2f
mercado_livre,2026-02-12 10:59:03,Notebook Gamer Acer Nitro V15 ANV15-41-R2GT AMD Ryzen™ 7 7735HS RTX 4050 16 GB RAM 512 GB SSD Full HD 15.6”,5999.00,https://www.mercadolivre.com.br/notebook-gamer-acer-nitro-v15-anv15-41-r2gt-amd-ryzen-7-7735hs-rtx-4050-16-gb-ram-512-gb-ssd-full-hd-156/p/MLB61937659#polycard_client=search-desktop&search_layout=grid&position=40&type=product&tracking_id=203c3b31-8359-4679-83e2-771e559e4a68&wid=MLB4304709309&sid=search,https://lista.mercadolivre.com.br/notebook,notebook,,False,,notebook gamer acer nitro v15 anv15 41 r2gt amd ryzen 7 7735hs rtx 4050 16 gb ram 512 gb ssd full hd 15 6,notebook,dfa34dc23358bf117e779964bddec0cd460ad64c
mercado_livre,2026-02-12 10:59:03,Notebook Lenovo Ideapad I5-13420h 8gb 1tb Ssd15.3 Fhd Linux Cinza,3999.00,https://www.mercadolivre.com.br/notebook-lenovo-ideapad-i5-13420h-8gb-1tb-ssd153-fhd-linux-cinza/p/MLB53429614#polycard_client=search-desktop&search_layout=grid&position=39&type=product&tracking_id=203c3b31-8359-4679-83e2-771e559e4a68&wid=MLB4216896995&sid=search,https://lista.mercadolivre.com.br/notebook,notebook,,False,,notebook lenovo ideapad i5 13420h 8gb 1tb ssd15 3 fhd linux cinza,notebook,18d563a8a582719974b3785fa192afe945fa2570
mercado_livre,2026-02-12 10:59:03,Notebook Gamer Lenovo LOQ-e 15iax9e Intel Core i7-12650hx 16gb 512gb SSD RTX 4050 Linux 15.6 - 83mes00200 Luna Grey,6949.00,https://www.mercadolivre.com.br/notebook-gamer-lenovo-loq-e-15iax9e-intel-core-i7-12650hx-16gb-512gb-ssd-rtx-4050-linux-156-83mes00200-luna-grey/p/MLB46035132#polycard_client=search-desktop&search_layout=grid&position=38&type=product&tracking_id=203c3b31-8359-4679-83e2-771e559e4a68&wid=MLB4286516687&sid=search,https://lista.mercadolivre.com.br/notebook,notebook,,False,,notebook gamer lenovo loq e 15iax9e intel core i7 12650hx 16gb 512gb ssd rtx 4050 linux 15 6 83mes00200 luna grey,notebook,778a024efae885d2d2a5ec7bb6ef7500e7e57d17
mercado_livre,2026-02-12 10:59:03,"Notebook Ultra, Windows 11 Home, Intel Celeron, 11.6. Ub210 Preto",1799.00,https://www.mercadolivre.com.br/notebook-ultra-windows-11-home-intel-celeron-116-ub210-preto/p/MLB54829247#polycard_client=search-desktop&search_layout=grid&position=37&type=product&tracking_id=203c3b31-8359-4679-83e2-771e559e4a68&wid=MLB5682060774&sid=search,https://lista.mercadolivre.com.br/notebook,notebook,,False,,notebook ultra windows 11 home intel celeron 11 6 ub210 preto,notebook,3c811ec5d3c5b908aa3a9faad5ac9f41860ce62b
mercado_livre,2026-02-12 10:59:03,"Notebook ASUS TUF Gaming F16 Core 5 NVIDIA RTX™ 4050 16GB Ram 512GB SSD Windows 11 Home Tela 16"" FHD+ Mecha Gray - FX607VU-RL053W",7229.00,https://www.mercadolivre.com.br/notebook-asus-tuf-gaming-f16-core-5-nvidia-rtx-4050-16gb-ram-512gb-ssd-windows-11-home-tela-16-fhd-mecha-gray-fx607vu-rl053w/p/MLB50380495#polycard_client=search-desktop&search_layout=grid&position=36&type=product&tracking_id=203c3b31-8359-4679-83e2-771e559e4a68&wid=MLB5511830168&sid=search,https://lista.mercadolivre.com.br/notebook,notebook,,False,,notebook asus tuf gaming f16 core 5 nvidia rtx 4050 16gb ram 512gb ssd windows 11 home tela 16 fhd mecha gray fx607vu rl053w,notebook,1b00f028111eacecb1d3c7b64a402fb0bbee5ca2
mercado_livre,2026-02-12 10:59:03,"Apple MacBook Air de 13"" (Meia-noite, Chip M2 da Apple com CPU de 8 núcleos, GPU de 8 núcleos e Neural Engine de 16 núcleos, Memória unificada de 16 GB, SSD de 256 GB) - Distribuidor Autorizado",12499.00,https://www.mercadolivre.com.br/apple-macbookair-de-13-meia-noite-chipm2-da-apple-com-cpu-de-8nucleos-gpu-de-8nucleos-e-neuralengine-de-16nucleos-memoria-unificada-de-16gb-ssd-de-256-gb-distribuidor-autorizado/p/MLB1050875813#polycard_client=search-desktop&search_layout=grid&position=35&type=product&tracking_id=203c3b31-8359-4679-83e2-771e559e4a68&wid=MLB5417744102&sid=search,https://lista.mercadolivre.com.br/notebook,notebook,,False,,apple macbook air de 13 meia noite chip m2 da apple com cpu de 8 nucleos gpu de 8 nucleos e neural engine de 16 nucleos memoria unificada de 16 gb ssd de 256 gb distribuidor autorizado,notebook,84bddfd721e60706a82985c5f0ef5f442b95f947
mercado_livre,2026-02-12 10:59:03,Notebook Lenovo Ideapad Slim 3 15irh10 Intel Core i7-13620h 16gb 512gb Ssd Linux 15.3 - 83nss00100 Luna Grey,4799.00,https://www.mercadolivre.com.br/notebook-lenovo-ideapad-slim-3-15irh10-intel-core-i7-13620h-16gb-512gb-ssd-linux-153-83nss00100-luna-grey/p/MLB51332653#polycard_client=search-desktop&search_layout=grid&position=34&type=product&tracking_id=203c3b31-8359-4679-83e2-771e559e4a68&wid=MLB4209572587&sid=search,https://lista.mercadolivre.com.br/notebook,notebook,,False,,notebook lenovo ideapad slim 3 15irh10 intel core i7 13620h 16gb 512gb ssd linux 15 3 83nss00100 luna grey,notebook,9dc03a7c1f934eba0528518dab4f7baaff9f356e
mercado_livre,2026-02-12 10:59:03,"Notebook ASUS ROG Strix G16 NVIDIA GeForce RTX 5060 Intel Core i9 14900HX 2,2 GHz 16GB Ram 512GB SSD Windows 11 Home Tela 16"" 240Hz Eclipse Gray - G615JMR-S5001W",12099.00,https://www.mercadolivre.com.br/notebook-asus-rog-strix-g16-nvidia-geforce-rtx-5060-intel-core-i9-14900hx-22-ghz-16gb-ram-512gb-ssd-windows-11-home-tela-16-240hz-eclipse-gray-g615jmr-s5001w/p/MLB54236164#polycard_client=search-desktop&search_layout=grid&position=33&type=product&tracking_id=203c3b31-8359-4679-83e2-771e559e4a68&wid=MLB5682679858&sid=search,https://lista.mercadolivre.com.br/notebook,notebook,,False,,notebook asus rog strix g16 nvidia geforce rtx 5060 intel core i9 14900hx 2 2 ghz 16gb ram 512gb ssd windows 11 home tela 16 240hz eclipse gray g615jmr s5001w,notebook,aea6646fc7d02d13383f7abf64aa33079ce2b120
mercado_livre,2026-02-12 10:59:03,Notebook Lenovo Ideapad 1 AMD Ryzen 3 7320U 4gb 256gb SSD Linux 15.6 HD 82x5s00600,2399.00,https://www.mercadolivre.com.br/notebook-lenovo-ideapad-1-amd-ryzen-3-7320u-4gb-256gb-ssd-linux-156-hd-82x5s00600/p/MLB37023698#polycard_client=search-desktop&search_layout=grid&position=32&type=product&tracking_id=203c3b31-8359-4679-83e2-771e559e4a68&wid=MLB3783544411&sid=search,https://lista.mercadolivre.com.br/notebook,notebook,,False,,notebook lenovo ideapad 1 amd ryzen 3 7320u 4gb 256gb ssd linux 15 6 hd 82x5s00600,notebook,7a54f639800ca4d0238a6059c033ace2732905d1
mercado_livre,2026-02-12 10:59:03,"Notebook Gamer Acer Nitro V ANV15-51-57WS Intel® Core™ i5-13420H 13ªGeração 512SSD 8GB Nvidia® GeForce® RTX 3050 GDDR6 Linux Gutta 15,6'",4989.00,https://www.mercadolivre.com.br/notebook-gamer-acer-nitro-v-anv15-51-57ws-intel-core-i5-13420h-13geraco-512ssd-8gb-nvidia-geforce-rtx-3050-gddr6-linux-gutta-156/p/MLB37396835#polycard_client=search-desktop&search_layout=grid&position=31&type=product&tracking_id=203c3b31-8359-4679-83e2-771e559e4a68&wid=MLB5532248212&sid=search,https://lista.mercadolivre.com.br/notebook,notebook,,False,,notebook gamer acer nitro v anv15 51 57ws intel core i5 13420h 13ageracao 512ssd 8gb nvidia geforce rtx 3050 gddr6 linux gutta 15 6,notebook,1003203c66dcaa6d8e676cd71a254fbd83bddb33
mercado_livre,2026-02-12 10:59:03,Kit Lenovo: Ideapad I713620 16gb 512gb Ssd 15.3 Fhd Linux Luna Grey + Mochila B510 Day 15.6 Preto,4.25,https://www.mercadolivre.com.br/kit-lenovo-ideapad-i713620-16gb-512gb-ssd-153-fhd-linux-luna-grey--mochila-b510-day-156-preto/up/MLBU3678704918#polycard_client=search-desktop&search_layout=grid&position=60&type=product&tracking_id=28639cd9-7bde-4f3d-89c2-2b21beb8a1d7&wid=MLB6046598878&sid=search,https://lista.mercadolivre.com.br/notebook_Desde_51,notebook,,False,,kit lenovo ideapad i713620 16gb 512gb ssd 15 3 fhd linux luna grey mochila b510 day 15 6 preto,notebook,3a94ac017d9df1edb135b4bb8457693c0915be33
